flag_id,trip_id,driver_id,timestamp,elapsed_seconds,flag_type,severity,motion_score,audio_score,combined_score,explanation,context,signal_type,threshold_exceeded
SFLAG001,STRIP005,SDRV095,2024-02-06 15:54:15,1455.0,moderate_brake,low,0.98,0.98,0.98,Synthetic event: moderate_brake detected.,Motion: moderate | Audio: normal,ACCELEROMETER,motion_score > 0.50 (moderate braking magnitude)
SFLAG002,STRIP002,SDRV039,2024-02-06 11:27:13,133.0,audio_spike,medium,0.88,0.72,0.8,Synthetic event: audio_spike detected.,Motion: other | Audio: loud,AUDIO,audio_score > 0.65 (instantaneous cabin noise spike)
SFLAG003,STRIP137,SDRV071,2024-02-06 17:13:35,816.0,conflict_moment,low,0.39,0.72,0.55,Synthetic event: conflict_moment detected.,Motion: other | Audio: normal,SENSOR_FUSION,combined_score > 0.40 (motion + audio spike within 30s window)
SFLAG004,STRIP142,SDRV025,2024-02-06 20:06:21,2181.0,audio_spike,high,0.94,0.55,0.74,Synthetic event: audio_spike detected.,Motion: other | Audio: very_loud,AUDIO,audio_score > 0.65 (instantaneous cabin noise spike)
SFLAG005,STRIP106,SDRV080,2024-02-06 05:15:43,43.0,moderate_brake,high,0.55,0.86,0.71,Synthetic event: moderate_brake detected.,Motion: moderate | Audio: very_loud,ACCELEROMETER,motion_score > 0.50 (moderate braking magnitude)
SFLAG006,STRIP004,SDRV010,2024-02-06 16:01:02,1263.0,moderate_brake,medium,0.62,0.24,0.43,Synthetic event: moderate_brake detected.,Motion: moderate | Audio: loud,ACCELEROMETER,motion_score > 0.50 (moderate braking magnitude)
SFLAG007,STRIP220,SDRV189,2024-02-06 12:04:49,589.0,audio_spike,medium,0.63,0.94,0.78,Synthetic event: audio_spike detected.,Motion: other | Audio: loud,AUDIO,audio_score > 0.65 (instantaneous cabin noise spike)
SFLAG008,STRIP136,SDRV203,2024-02-06 16:29:44,885.0,harsh_braking,low,0.52,0.62,0.57,Synthetic event: harsh_braking detected.,Motion: harsh_brake | Audio: normal,ACCELEROMETER,motion_score > 0.75 (severe braking magnitude)
SFLAG009,STRIP185,SDRV056,2024-02-06 21:46:39,99.0,sustained_stress,high,0.98,0.49,0.73,Synthetic event: sustained_stress detected.,Motion: other | Audio: very_loud,AUDIO,audio_score > 0.60 sustained over 60s window
SFLAG010,STRIP071,SDRV143,2024-02-06 17:59:20,860.0,conflict_moment,high,0.55,0.75,0.65,Synthetic event: conflict_moment detected.,Motion: other | Audio: very_loud,SENSOR_FUSION,combined_score > 0.40 (motion + audio spike within 30s window)
SFLAG011,STRIP138,SDRV071,2024-02-06 22:09:52,1192.0,moderate_brake,medium,0.8,0.41,0.6,Synthetic event: moderate_brake detected.,Motion: moderate | Audio: loud,ACCELEROMETER,motion_score > 0.50 (moderate braking magnitude)
SFLAG012,STRIP074,SDRV154,2024-02-06 21:32:34,455.0,audio_spike,low,0.39,0.72,0.55,Synthetic event: audio_spike detected.,Motion: other | Audio: normal,AUDIO,audio_score > 0.65 (instantaneous cabin noise spike)
SFLAG013,STRIP214,SDRV083,2024-02-06 17:26:09,69.0,harsh_braking,high,0.72,0.9,0.81,Synthetic event: harsh_braking detected.,Motion: harsh_brake | Audio: very_loud,ACCELEROMETER,motion_score > 0.75 (severe braking magnitude)
SFLAG014,STRIP129,SDRV184,2024-02-06 09:02:04,1924.0,moderate_brake,medium,0.61,0.57,0.59,Synthetic event: moderate_brake detected.,Motion: moderate | Audio: loud,ACCELEROMETER,motion_score > 0.50 (moderate braking magnitude)
SFLAG015,STRIP179,SDRV037,2024-02-06 20:22:46,166.0,moderate_brake,medium,0.77,0.86,0.81,Synthetic event: moderate_brake detected.,Motion: moderate | Audio: loud,ACCELEROMETER,motion_score > 0.50 (moderate braking magnitude)
SFLAG016,STRIP173,SDRV132,2024-02-06 22:08:19,499.0,harsh_braking,high,0.59,0.87,0.73,Synthetic event: harsh_braking detected.,Motion: harsh_brake | Audio: very_loud,ACCELEROMETER,motion_score > 0.75 (severe braking magnitude)
SFLAG017,STRIP111,SDRV109,2024-02-06 12:33:40,1421.0,harsh_braking,low,0.47,0.64,0.55,Synthetic event: harsh_braking detected.,Motion: harsh_brake | Audio: normal,ACCELEROMETER,motion_score > 0.75 (severe braking magnitude)
SFLAG018,STRIP046,SDRV199,2024-02-06 18:25:00,300.0,audio_spike,low,0.37,0.93,0.65,Synthetic event: audio_spike detected.,Motion: other | Audio: normal,AUDIO,audio_score > 0.65 (instantaneous cabin noise spike)
SFLAG019,STRIP028,SDRV046,2024-02-06 07:35:26,1526.0,moderate_brake,low,0.83,0.24,0.53,Synthetic event: moderate_brake detected.,Motion: moderate | Audio: normal,ACCELEROMETER,motion_score > 0.50 (moderate braking magnitude)
SFLAG020,STRIP025,SDRV040,2024-02-06 15:32:03,1924.0,harsh_braking,low,0.61,0.47,0.54,Synthetic event: harsh_braking detected.,Motion: harsh_brake | Audio: normal,ACCELEROMETER,motion_score > 0.75 (severe braking magnitude)
SFLAG021,STRIP135,SDRV203,2024-02-06 08:14:50,590.0,conflict_moment,medium,0.36,0.81,0.58,Synthetic event: conflict_moment detected.,Motion: other | Audio: loud,SENSOR_FUSION,combined_score > 0.40 (motion + audio spike within 30s window)
SFLAG022,STRIP039,SDRV098,2024-02-06 16:15:23,1223.0,conflict_moment,high,0.43,0.35,0.39,Synthetic event: conflict_moment detected.,Motion: other | Audio: very_loud,SENSOR_FUSION,combined_score > 0.40 (motion + audio spike within 30s window)
SFLAG023,STRIP062,SDRV030,2024-02-06 22:50:20,321.0,conflict_moment,low,0.34,0.67,0.51,Synthetic event: conflict_moment detected.,Motion: other | Audio: normal,SENSOR_FUSION,combined_score > 0.40 (motion + audio spike within 30s window)
SFLAG024,STRIP050,SDRV050,2024-02-06 11:36:55,1916.0,sustained_stress,high,0.31,0.24,0.28,Synthetic event: sustained_stress detected.,Motion: other | Audio: very_loud,AUDIO,audio_score > 0.60 sustained over 60s window
SFLAG025,STRIP159,SDRV165,2024-02-06 15:28:44,825.0,conflict_moment,high,0.87,0.46,0.67,Synthetic event: conflict_moment detected.,Motion: other | Audio: very_loud,SENSOR_FUSION,combined_score > 0.40 (motion + audio spike within 30s window)
SFLAG026,STRIP200,SDRV129,2024-02-06 12:20:50,650.0,sustained_stress,low,0.72,0.42,0.57,Synthetic event: sustained_stress detected.,Motion: other | Audio: normal,AUDIO,audio_score > 0.60 sustained over 60s window
SFLAG027,STRIP065,SDRV068,2024-02-06 20:00:49,49.0,harsh_braking,low,0.81,0.7,0.76,Synthetic event: harsh_braking detected.,Motion: harsh_brake | Audio: normal,ACCELEROMETER,motion_score > 0.75 (severe braking magnitude)
SFLAG028,STRIP091,SDRV198,2024-02-06 13:26:15,976.0,harsh_braking,medium,0.82,0.74,0.78,Synthetic event: harsh_braking detected.,Motion: harsh_brake | Audio: loud,ACCELEROMETER,motion_score > 0.75 (severe braking magnitude)
SFLAG029,STRIP069,SDRV089,2024-02-06 16:48:54,235.0,sustained_stress,medium,0.55,0.3,0.43,Synthetic event: sustained_stress detected.,Motion: other | Audio: loud,AUDIO,audio_score > 0.60 sustained over 60s window
SFLAG030,STRIP102,SDRV167,2024-02-06 12:04:48,288.0,harsh_braking,low,0.77,0.89,0.83,Synthetic event: harsh_braking detected.,Motion: harsh_brake | Audio: normal,ACCELEROMETER,motion_score > 0.75 (severe braking magnitude)
SFLAG031,STRIP021,SDRV091,2024-02-06 11:19:04,1444.0,moderate_brake,low,0.74,0.35,0.54,Synthetic event: moderate_brake detected.,Motion: moderate | Audio: normal,ACCELEROMETER,motion_score > 0.50 (moderate braking magnitude)
SFLAG032,STRIP096,SDRV157,2024-02-06 13:08:48,228.0,conflict_moment,high,0.87,0.66,0.77,Synthetic event: conflict_moment detected.,Motion: other | Audio: very_loud,SENSOR_FUSION,combined_score > 0.40 (motion + audio spike within 30s window)
SFLAG033,STRIP104,SDRV043,2024-02-06 14:36:41,1002.0,moderate_brake,medium,0.85,0.76,0.8,Synthetic event: moderate_brake detected.,Motion: moderate | Audio: loud,ACCELEROMETER,motion_score > 0.50 (moderate braking magnitude)
SFLAG034,STRIP118,SDRV116,2024-02-06 20:36:41,1302.0,moderate_brake,high,0.34,0.8,0.57,Synthetic event: moderate_brake detected.,Motion: moderate | Audio: very_loud,ACCELEROMETER,motion_score > 0.50 (moderate braking magnitude)
SFLAG035,STRIP145,SDRV113,2024-02-06 15:11:16,1276.0,moderate_brake,low,0.5,0.71,0.6,Synthetic event: moderate_brake detected.,Motion: moderate | Audio: normal,ACCELEROMETER,motion_score > 0.50 (moderate braking magnitude)
SFLAG036,STRIP063,SDRV067,2024-02-06 15:44:06,547.0,sustained_stress,high,0.97,0.23,0.6,Synthetic event: sustained_stress detected.,Motion: other | Audio: very_loud,AUDIO,audio_score > 0.60 sustained over 60s window
SFLAG037,STRIP206,SDRV060,2024-02-06 22:22:23,1044.0,harsh_braking,low,0.42,0.77,0.59,Synthetic event: harsh_braking detected.,Motion: harsh_brake | Audio: normal,ACCELEROMETER,motion_score > 0.75 (severe braking magnitude)
SFLAG038,STRIP058,SDRV160,2024-02-06 13:45:48,348.0,sustained_stress,medium,0.46,0.6,0.53,Synthetic event: sustained_stress detected.,Motion: other | Audio: loud,AUDIO,audio_score > 0.60 sustained over 60s window
SFLAG039,STRIP077,SDRV099,2024-02-06 10:58:17,1098.0,conflict_moment,high,0.45,0.32,0.39,Synthetic event: conflict_moment detected.,Motion: other | Audio: very_loud,SENSOR_FUSION,combined_score > 0.40 (motion + audio spike within 30s window)
SFLAG040,STRIP176,SDRV100,2024-02-06 18:45:10,911.0,harsh_braking,high,0.65,0.93,0.79,Synthetic event: harsh_braking detected.,Motion: harsh_brake | Audio: very_loud,ACCELEROMETER,motion_score > 0.75 (severe braking magnitude)
SFLAG041,STRIP190,SDRV075,2024-02-06 20:59:32,273.0,audio_spike,high,0.75,0.39,0.57,Synthetic event: audio_spike detected.,Motion: other | Audio: very_loud,AUDIO,audio_score > 0.65 (instantaneous cabin noise spike)
SFLAG042,STRIP168,SDRV110,2024-02-06 19:39:23,263.0,moderate_brake,high,0.78,0.67,0.73,Synthetic event: moderate_brake detected.,Motion: moderate | Audio: very_loud,ACCELEROMETER,motion_score > 0.50 (moderate braking magnitude)
SFLAG043,STRIP167,SDRV110,2024-02-06 17:25:39,1540.0,moderate_brake,low,0.52,0.56,0.54,Synthetic event: moderate_brake detected.,Motion: moderate | Audio: normal,ACCELEROMETER,motion_score > 0.50 (moderate braking magnitude)
SFLAG044,STRIP009,SDRV111,2024-02-06 18:03:47,827.0,audio_spike,low,0.99,0.43,0.71,Synthetic event: audio_spike detected.,Motion: other | Audio: normal,AUDIO,audio_score > 0.65 (instantaneous cabin noise spike)
SFLAG045,STRIP024,SDRV159,2024-02-06 15:35:01,601.0,sustained_stress,high,0.55,0.65,0.6,Synthetic event: sustained_stress detected.,Motion: other | Audio: very_loud,AUDIO,audio_score > 0.60 sustained over 60s window
SFLAG046,STRIP188,SDRV075,2024-02-06 07:52:19,439.0,sustained_stress,high,0.94,0.41,0.67,Synthetic event: sustained_stress detected.,Motion: other | Audio: very_loud,AUDIO,audio_score > 0.60 sustained over 60s window
SFLAG047,STRIP098,SDRV122,2024-02-06 22:55:58,1559.0,audio_spike,high,0.37,0.73,0.55,Synthetic event: audio_spike detected.,Motion: other | Audio: very_loud,AUDIO,audio_score > 0.65 (instantaneous cabin noise spike)
SFLAG048,STRIP097,SDRV122,2024-02-06 19:37:39,1959.0,audio_spike,medium,0.42,0.97,0.69,Synthetic event: audio_spike detected.,Motion: other | Audio: loud,AUDIO,audio_score > 0.65 (instantaneous cabin noise spike)
SFLAG049,STRIP217,SDRV189,2024-02-06 19:32:40,761.0,sustained_stress,high,0.96,0.74,0.85,Synthetic event: sustained_stress detected.,Motion: other | Audio: very_loud,AUDIO,audio_score > 0.60 sustained over 60s window
SFLAG050,STRIP122,SDRV065,2024-02-06 10:08:44,525.0,harsh_braking,low,0.43,0.44,0.43,Synthetic event: harsh_braking detected.,Motion: harsh_brake | Audio: normal,ACCELEROMETER,motion_score > 0.75 (severe braking magnitude)
SFLAG051,STRIP015,SDRV092,2024-02-06 19:23:09,190.0,harsh_braking,low,0.4,0.28,0.34,Synthetic event: harsh_braking detected.,Motion: harsh_brake | Audio: normal,ACCELEROMETER,motion_score > 0.75 (severe braking magnitude)
SFLAG052,STRIP164,SDRV117,2024-02-06 05:35:59,660.0,sustained_stress,low,0.86,0.31,0.58,Synthetic event: sustained_stress detected.,Motion: other | Audio: normal,AUDIO,audio_score > 0.60 sustained over 60s window
SFLAG053,STRIP003,SDRV140,2024-02-06 13:39:02,242.0,audio_spike,high,0.75,0.36,0.55,Synthetic event: audio_spike detected.,Motion: other | Audio: very_loud,AUDIO,audio_score > 0.65 (instantaneous cabin noise spike)
SFLAG054,STRIP044,SDRV118,2024-02-06 12:43:42,223.0,harsh_braking,medium,0.42,0.94,0.68,Synthetic event: harsh_braking detected.,Motion: harsh_brake | Audio: loud,ACCELEROMETER,motion_score > 0.75 (severe braking magnitude)
SFLAG055,STRIP022,SDRV144,2024-02-06 17:45:32,1232.0,conflict_moment,low,0.55,0.72,0.64,Synthetic event: conflict_moment detected.,Motion: other | Audio: normal,SENSOR_FUSION,combined_score > 0.40 (motion + audio spike within 30s window)
SFLAG056,STRIP128,SDRV053,2024-02-06 07:22:43,1064.0,harsh_braking,high,0.77,0.75,0.76,Synthetic event: harsh_braking detected.,Motion: harsh_brake | Audio: very_loud,ACCELEROMETER,motion_score > 0.75 (severe braking magnitude)
SFLAG057,STRIP112,SDRV109,2024-02-06 19:58:12,792.0,harsh_braking,medium,0.49,0.23,0.36,Synthetic event: harsh_braking detected.,Motion: harsh_brake | Audio: loud,ACCELEROMETER,motion_score > 0.75 (severe braking magnitude)
SFLAG058,STRIP085,SDRV208,2024-02-06 12:30:01,601.0,conflict_moment,low,0.92,0.66,0.79,Synthetic event: conflict_moment detected.,Motion: other | Audio: normal,SENSOR_FUSION,combined_score > 0.40 (motion + audio spike within 30s window)
SFLAG059,STRIP186,SDRV056,2024-02-06 06:04:08,1448.0,conflict_moment,medium,0.99,0.33,0.66,Synthetic event: conflict_moment detected.,Motion: other | Audio: loud,SENSOR_FUSION,combined_score > 0.40 (motion + audio spike within 30s window)
SFLAG060,STRIP201,SDRV129,2024-02-06 07:37:27,747.0,audio_spike,medium,0.77,0.98,0.88,Synthetic event: audio_spike detected.,Motion: other | Audio: loud,AUDIO,audio_score > 0.65 (instantaneous cabin noise spike)
SFLAG061,STRIP213,SDRV083,2024-02-06 19:49:34,1774.0,audio_spike,high,0.78,0.39,0.58,Synthetic event: audio_spike detected.,Motion: other | Audio: very_loud,AUDIO,audio_score > 0.65 (instantaneous cabin noise spike)
SFLAG062,STRIP011,SDRV011,2024-02-06 10:08:22,1102.0,conflict_moment,high,0.37,0.82,0.59,Synthetic event: conflict_moment detected.,Motion: other | Audio: very_loud,SENSOR_FUSION,combined_score > 0.40 (motion + audio spike within 30s window)
SFLAG063,STRIP059,SDRV138,2024-02-06 10:08:39,1420.0,conflict_moment,low,0.57,0.7,0.64,Synthetic event: conflict_moment detected.,Motion: other | Audio: normal,SENSOR_FUSION,combined_score > 0.40 (motion + audio spike within 30s window)
SFLAG064,STRIP055,SDRV158,2024-02-06 20:13:10,490.0,audio_spike,low,0.61,0.45,0.53,Synthetic event: audio_spike detected.,Motion: other | Audio: normal,AUDIO,audio_score > 0.65 (instantaneous cabin noise spike)
SFLAG065,STRIP146,SDRV113,2024-02-06 10:39:28,869.0,harsh_braking,low,0.96,0.95,0.95,Synthetic event: harsh_braking detected.,Motion: harsh_brake | Audio: normal,ACCELEROMETER,motion_score > 0.75 (severe braking magnitude)
SFLAG066,STRIP171,SDRV107,2024-02-06 15:39:01,241.0,sustained_stress,medium,0.91,0.79,0.85,Synthetic event: sustained_stress detected.,Motion: other | Audio: loud,AUDIO,audio_score > 0.60 sustained over 60s window
SFLAG067,STRIP070,SDRV081,2024-02-06 13:14:48,288.0,sustained_stress,medium,0.35,0.41,0.38,Synthetic event: sustained_stress detected.,Motion: other | Audio: loud,AUDIO,audio_score > 0.60 sustained over 60s window
SFLAG068,STRIP012,SDRV079,2024-02-06 23:17:21,1642.0,moderate_brake,high,0.74,0.78,0.76,Synthetic event: moderate_brake detected.,Motion: moderate | Audio: very_loud,ACCELEROMETER,motion_score > 0.50 (moderate braking magnitude)
SFLAG069,STRIP020,SDRV027,2024-02-06 18:57:58,478.0,sustained_stress,medium,0.8,0.22,0.51,Synthetic event: sustained_stress detected.,Motion: other | Audio: loud,AUDIO,audio_score > 0.60 sustained over 60s window
SFLAG070,STRIP072,SDRV143,2024-02-06 21:02:07,428.0,audio_spike,high,0.74,0.32,0.53,Synthetic event: audio_spike detected.,Motion: other | Audio: very_loud,AUDIO,audio_score > 0.65 (instantaneous cabin noise spike)
SFLAG071,STRIP140,SDRV017,2024-02-06 07:01:23,1284.0,harsh_braking,low,0.46,0.72,0.59,Synthetic event: harsh_braking detected.,Motion: harsh_brake | Audio: normal,ACCELEROMETER,motion_score > 0.75 (severe braking magnitude)
SFLAG072,STRIP162,SDRV073,2024-02-06 17:24:43,583.0,audio_spike,high,0.72,0.29,0.51,Synthetic event: audio_spike detected.,Motion: other | Audio: very_loud,AUDIO,audio_score > 0.65 (instantaneous cabin noise spike)
SFLAG073,STRIP177,SDRV100,2024-02-06 18:10:30,30.0,conflict_moment,high,0.94,0.42,0.68,Synthetic event: conflict_moment detected.,Motion: other | Audio: very_loud,SENSOR_FUSION,combined_score > 0.40 (motion + audio spike within 30s window)
SFLAG074,STRIP203,SDRV060,2024-02-06 21:32:52,1672.0,harsh_braking,medium,1.0,0.37,0.69,Synthetic event: harsh_braking detected.,Motion: harsh_brake | Audio: loud,ACCELEROMETER,motion_score > 0.75 (severe braking magnitude)
SFLAG075,STRIP081,SDRV066,2024-02-06 17:26:53,414.0,harsh_braking,high,0.76,0.97,0.86,Synthetic event: harsh_braking detected.,Motion: harsh_brake | Audio: very_loud,ACCELEROMETER,motion_score > 0.75 (severe braking magnitude)
SFLAG076,STRIP208,SDRV169,2024-02-06 22:11:58,1319.0,harsh_braking,high,0.65,0.84,0.74,Synthetic event: harsh_braking detected.,Motion: harsh_brake | Audio: very_loud,ACCELEROMETER,motion_score > 0.75 (severe braking magnitude)
SFLAG077,STRIP054,SDRV018,2024-02-06 22:04:53,293.0,conflict_moment,low,0.98,0.97,0.97,Synthetic event: conflict_moment detected.,Motion: other | Audio: normal,SENSOR_FUSION,combined_score > 0.40 (motion + audio spike within 30s window)
SFLAG078,STRIP037,SDRV041,2024-02-06 11:54:05,246.0,conflict_moment,medium,0.51,0.28,0.4,Synthetic event: conflict_moment detected.,Motion: other | Audio: loud,SENSOR_FUSION,combined_score > 0.40 (motion + audio spike within 30s window)
SFLAG079,STRIP191,SDRV078,2024-02-06 08:45:09,310.0,harsh_braking,high,0.87,0.5,0.69,Synthetic event: harsh_braking detected.,Motion: harsh_brake | Audio: very_loud,ACCELEROMETER,motion_score > 0.75 (severe braking magnitude)
SFLAG080,STRIP152,SDRV096,2024-02-06 14:27:39,159.0,conflict_moment,low,0.54,0.99,0.77,Synthetic event: conflict_moment detected.,Motion: other | Audio: normal,SENSOR_FUSION,combined_score > 0.40 (motion + audio spike within 30s window)
SFLAG081,STRIP182,SDRV191,2024-02-06 18:35:06,907.0,moderate_brake,medium,0.59,0.33,0.46,Synthetic event: moderate_brake detected.,Motion: moderate | Audio: loud,ACCELEROMETER,motion_score > 0.50 (moderate braking magnitude)
SFLAG082,STRIP042,SDRV057,2024-02-06 14:12:36,1657.0,sustained_stress,high,0.87,0.43,0.65,Synthetic event: sustained_stress detected.,Motion: other | Audio: very_loud,AUDIO,audio_score > 0.60 sustained over 60s window
SFLAG083,STRIP198,SDRV084,2024-02-06 22:11:28,88.0,sustained_stress,low,0.34,0.3,0.32,Synthetic event: sustained_stress detected.,Motion: other | Audio: normal,AUDIO,audio_score > 0.60 sustained over 60s window
SFLAG084,STRIP100,SDRV179,2024-02-06 06:05:54,1254.0,conflict_moment,medium,0.95,0.6,0.77,Synthetic event: conflict_moment detected.,Motion: other | Audio: loud,SENSOR_FUSION,combined_score > 0.40 (motion + audio spike within 30s window)
SFLAG085,STRIP163,SDRV117,2024-02-06 20:11:00,961.0,conflict_moment,high,0.61,0.77,0.69,Synthetic event: conflict_moment detected.,Motion: other | Audio: very_loud,SENSOR_FUSION,combined_score > 0.40 (motion + audio spike within 30s window)
SFLAG086,STRIP099,SDRV179,2024-02-06 08:36:20,1581.0,moderate_brake,medium,0.42,0.49,0.45,Synthetic event: moderate_brake detected.,Motion: moderate | Audio: loud,ACCELEROMETER,motion_score > 0.50 (moderate braking magnitude)
SFLAG087,STRIP036,SDRV069,2024-02-06 11:41:50,110.0,conflict_moment,low,0.55,0.63,0.59,Synthetic event: conflict_moment detected.,Motion: other | Audio: normal,SENSOR_FUSION,combined_score > 0.40 (motion + audio spike within 30s window)
SFLAG088,STRIP036,SDRV069,2024-02-06 11:56:34,994.0,moderate_brake,low,1.0,0.58,0.79,Synthetic event: moderate_brake detected.,Motion: moderate | Audio: normal,ACCELEROMETER,motion_score > 0.50 (moderate braking magnitude)
SFLAG089,STRIP180,SDRV037,2024-02-06 19:12:57,778.0,harsh_braking,high,0.86,0.68,0.77,Synthetic event: harsh_braking detected.,Motion: harsh_brake | Audio: very_loud,ACCELEROMETER,motion_score > 0.75 (severe braking magnitude)
SFLAG090,STRIP180,SDRV037,2024-02-06 19:24:28,1469.0,conflict_moment,high,0.92,0.53,0.73,Synthetic event: conflict_moment detected.,Motion: other | Audio: very_loud,SENSOR_FUSION,combined_score > 0.40 (motion + audio spike within 30s window)
SFLAG091,STRIP207,SDRV169,2024-02-06 13:07:57,1378.0,moderate_brake,low,0.59,0.32,0.45,Synthetic event: moderate_brake detected.,Motion: moderate | Audio: normal,ACCELEROMETER,motion_score > 0.50 (moderate braking magnitude)
SFLAG092,STRIP207,SDRV169,2024-02-06 13:08:56,1436.0,sustained_stress,low,0.37,0.21,0.29,Synthetic event: sustained_stress detected.,Motion: other | Audio: normal,AUDIO,audio_score > 0.60 sustained over 60s window
SFLAG093,STRIP089,SDRV051,2024-02-06 09:04:15,255.0,audio_spike,low,0.45,0.79,0.62,Synthetic event: audio_spike detected.,Motion: other | Audio: normal,AUDIO,audio_score > 0.65 (instantaneous cabin noise spike)
SFLAG094,STRIP089,SDRV051,2024-02-06 09:15:43,943.0,harsh_braking,high,0.52,0.6,0.56,Synthetic event: harsh_braking detected.,Motion: harsh_brake | Audio: very_loud,ACCELEROMETER,motion_score > 0.75 (severe braking magnitude)
SFLAG095,STRIP014,SDRV200,2024-02-06 05:30:31,332.0,harsh_braking,medium,0.9,0.89,0.9,Synthetic event: harsh_braking detected.,Motion: harsh_brake | Audio: loud,ACCELEROMETER,motion_score > 0.75 (severe braking magnitude)
SFLAG096,STRIP014,SDRV200,2024-02-06 05:57:37,1958.0,harsh_braking,medium,0.58,0.81,0.7,Synthetic event: harsh_braking detected.,Motion: harsh_brake | Audio: loud,ACCELEROMETER,motion_score > 0.75 (severe braking magnitude)
SFLAG097,STRIP026,SDRV061,2024-02-06 13:40:14,14.0,conflict_moment,high,0.31,0.67,0.49,Synthetic event: conflict_moment detected.,Motion: other | Audio: very_loud,SENSOR_FUSION,combined_score > 0.40 (motion + audio spike within 30s window)
SFLAG098,STRIP026,SDRV061,2024-02-06 13:44:01,242.0,harsh_braking,medium,0.62,0.61,0.61,Synthetic event: harsh_braking detected.,Motion: harsh_brake | Audio: loud,ACCELEROMETER,motion_score > 0.75 (severe braking magnitude)
SFLAG099,STRIP169,SDRV107,2024-02-06 20:50:11,12.0,audio_spike,low,0.8,0.55,0.68,Synthetic event: audio_spike detected.,Motion: other | Audio: normal,AUDIO,audio_score > 0.65 (instantaneous cabin noise spike)
SFLAG100,STRIP169,SDRV107,2024-02-06 21:00:59,659.0,moderate_brake,high,0.81,0.39,0.6,Synthetic event: moderate_brake detected.,Motion: moderate | Audio: very_loud,ACCELEROMETER,motion_score > 0.50 (moderate braking magnitude)
SFLAG101,STRIP030,SDRV007,2024-02-06 14:05:35,1236.0,moderate_brake,high,0.45,0.39,0.42,Synthetic event: moderate_brake detected.,Motion: moderate | Audio: very_loud,ACCELEROMETER,motion_score > 0.50 (moderate braking magnitude)
SFLAG102,STRIP030,SDRV007,2024-02-06 14:13:27,1708.0,harsh_braking,high,0.74,0.86,0.8,Synthetic event: harsh_braking detected.,Motion: harsh_brake | Audio: very_loud,ACCELEROMETER,motion_score > 0.75 (severe braking magnitude)
SFLAG103,STRIP108,SDRV174,2024-02-06 19:01:11,372.0,moderate_brake,low,0.91,0.74,0.82,Synthetic event: moderate_brake detected.,Motion: moderate | Audio: normal,ACCELEROMETER,motion_score > 0.50 (moderate braking magnitude)
SFLAG104,STRIP108,SDRV174,2024-02-06 19:04:58,599.0,sustained_stress,medium,0.61,0.59,0.6,Synthetic event: sustained_stress detected.,Motion: other | Audio: loud,AUDIO,audio_score > 0.60 sustained over 60s window
SFLAG105,STRIP010,SDRV033,2024-02-06 05:37:21,441.0,conflict_moment,high,0.55,1.0,0.78,Synthetic event: conflict_moment detected.,Motion: other | Audio: very_loud,SENSOR_FUSION,combined_score > 0.40 (motion + audio spike within 30s window)
SFLAG106,STRIP010,SDRV033,2024-02-06 05:52:33,1354.0,moderate_brake,low,0.64,0.59,0.61,Synthetic event: moderate_brake detected.,Motion: moderate | Audio: normal,ACCELEROMETER,motion_score > 0.50 (moderate braking magnitude)
SFLAG107,STRIP178,SDRV037,2024-02-06 19:42:32,1052.0,audio_spike,high,0.86,0.56,0.71,Synthetic event: audio_spike detected.,Motion: other | Audio: very_loud,AUDIO,audio_score > 0.65 (instantaneous cabin noise spike)
SFLAG108,STRIP178,SDRV037,2024-02-06 19:53:25,1705.0,audio_spike,medium,0.8,0.67,0.74,Synthetic event: audio_spike detected.,Motion: other | Audio: loud,AUDIO,audio_score > 0.65 (instantaneous cabin noise spike)
SFLAG109,STRIP078,SDRV099,2024-02-06 05:04:25,265.0,moderate_brake,low,0.62,0.4,0.51,Synthetic event: moderate_brake detected.,Motion: moderate | Audio: normal,ACCELEROMETER,motion_score > 0.50 (moderate braking magnitude)
SFLAG110,STRIP078,SDRV099,2024-02-06 05:11:19,679.0,moderate_brake,high,0.94,0.47,0.7,Synthetic event: moderate_brake detected.,Motion: moderate | Audio: very_loud,ACCELEROMETER,motion_score > 0.50 (moderate braking magnitude)
SFLAG111,STRIP195,SDRV084,2024-02-06 10:59:55,896.0,audio_spike,medium,0.74,0.63,0.69,Synthetic event: audio_spike detected.,Motion: other | Audio: loud,AUDIO,audio_score > 0.65 (instantaneous cabin noise spike)
SFLAG112,STRIP195,SDRV084,2024-02-06 11:11:39,1600.0,sustained_stress,medium,0.39,0.5,0.45,Synthetic event: sustained_stress detected.,Motion: other | Audio: loud,AUDIO,audio_score > 0.60 sustained over 60s window
SFLAG113,STRIP079,SDRV049,2024-02-06 20:28:34,214.0,audio_spike,high,0.61,0.82,0.71,Synthetic event: audio_spike detected.,Motion: other | Audio: very_loud,AUDIO,audio_score > 0.65 (instantaneous cabin noise spike)
SFLAG114,STRIP079,SDRV049,2024-02-06 20:47:25,1346.0,moderate_brake,low,0.45,0.33,0.39,Synthetic event: moderate_brake detected.,Motion: moderate | Audio: normal,ACCELEROMETER,motion_score > 0.50 (moderate braking magnitude)
SFLAG115,STRIP150,SDRV087,2024-02-06 19:38:00,780.0,audio_spike,low,0.8,0.54,0.67,Synthetic event: audio_spike detected.,Motion: other | Audio: normal,AUDIO,audio_score > 0.65 (instantaneous cabin noise spike)
SFLAG116,STRIP150,SDRV087,2024-02-06 19:54:39,1779.0,audio_spike,medium,0.66,0.27,0.47,Synthetic event: audio_spike detected.,Motion: other | Audio: loud,AUDIO,audio_score > 0.65 (instantaneous cabin noise spike)
SFLAG117,STRIP051,SDRV103,2024-02-06 20:08:39,1120.0,moderate_brake,high,0.5,0.67,0.58,Synthetic event: moderate_brake detected.,Motion: moderate | Audio: very_loud,ACCELEROMETER,motion_score > 0.50 (moderate braking magnitude)
SFLAG118,STRIP051,SDRV103,2024-02-06 20:17:34,1654.0,harsh_braking,medium,0.38,0.97,0.68,Synthetic event: harsh_braking detected.,Motion: harsh_brake | Audio: loud,ACCELEROMETER,motion_score > 0.75 (severe braking magnitude)
SFLAG119,STRIP218,SDRV189,2024-02-06 15:06:07,367.0,moderate_brake,high,0.47,0.77,0.62,Synthetic event: moderate_brake detected.,Motion: moderate | Audio: very_loud,ACCELEROMETER,motion_score > 0.50 (moderate braking magnitude)
SFLAG120,STRIP218,SDRV189,2024-02-06 15:22:40,1361.0,harsh_braking,medium,0.84,0.74,0.79,Synthetic event: harsh_braking detected.,Motion: harsh_brake | Audio: loud,ACCELEROMETER,motion_score > 0.75 (severe braking magnitude)
SFLAG121,STRIP139,SDRV017,2024-02-06 08:47:54,774.0,harsh_braking,high,0.36,0.46,0.41,Synthetic event: harsh_braking detected.,Motion: harsh_brake | Audio: very_loud,ACCELEROMETER,motion_score > 0.75 (severe braking magnitude)
SFLAG122,STRIP139,SDRV017,2024-02-06 08:53:44,1125.0,sustained_stress,low,0.47,0.99,0.73,Synthetic event: sustained_stress detected.,Motion: other | Audio: normal,AUDIO,audio_score > 0.60 sustained over 60s window
SFLAG123,STRIP215,SDRV083,2024-02-06 22:40:30,631.0,conflict_moment,high,0.78,0.37,0.57,Synthetic event: conflict_moment detected.,Motion: other | Audio: very_loud,SENSOR_FUSION,combined_score > 0.40 (motion + audio spike within 30s window)
SFLAG124,STRIP215,SDRV083,2024-02-06 22:49:46,1187.0,audio_spike,high,0.47,0.43,0.45,Synthetic event: audio_spike detected.,Motion: other | Audio: very_loud,AUDIO,audio_score > 0.65 (instantaneous cabin noise spike)
SFLAG125,STRIP082,SDRV066,2024-02-06 15:33:12,492.0,sustained_stress,high,0.31,0.9,0.6,Synthetic event: sustained_stress detected.,Motion: other | Audio: very_loud,AUDIO,audio_score > 0.60 sustained over 60s window
SFLAG126,STRIP082,SDRV066,2024-02-06 15:39:23,863.0,harsh_braking,medium,0.98,0.47,0.72,Synthetic event: harsh_braking detected.,Motion: harsh_brake | Audio: loud,ACCELEROMETER,motion_score > 0.75 (severe braking magnitude)
SFLAG127,STRIP035,SDRV193,2024-02-06 14:40:11,12.0,harsh_braking,low,0.78,0.86,0.82,Synthetic event: harsh_braking detected.,Motion: harsh_brake | Audio: normal,ACCELEROMETER,motion_score > 0.75 (severe braking magnitude)
SFLAG128,STRIP035,SDRV193,2024-02-06 14:49:28,569.0,audio_spike,low,0.4,0.33,0.36,Synthetic event: audio_spike detected.,Motion: other | Audio: normal,AUDIO,audio_score > 0.65 (instantaneous cabin noise spike)
SFLAG129,STRIP101,SDRV167,2024-02-06 15:52:56,777.0,conflict_moment,high,0.33,0.7,0.52,Synthetic event: conflict_moment detected.,Motion: other | Audio: very_loud,SENSOR_FUSION,combined_score > 0.40 (motion + audio spike within 30s window)
SFLAG130,STRIP101,SDRV167,2024-02-06 15:56:35,996.0,audio_spike,medium,0.52,0.49,0.51,Synthetic event: audio_spike detected.,Motion: other | Audio: loud,AUDIO,audio_score > 0.65 (instantaneous cabin noise spike)
SFLAG131,STRIP183,SDRV191,2024-02-06 18:36:09,970.0,moderate_brake,medium,0.58,0.96,0.77,Synthetic event: moderate_brake detected.,Motion: moderate | Audio: loud,ACCELEROMETER,motion_score > 0.50 (moderate braking magnitude)
SFLAG132,STRIP183,SDRV191,2024-02-06 18:37:01,1022.0,sustained_stress,low,0.58,0.82,0.7,Synthetic event: sustained_stress detected.,Motion: other | Audio: normal,AUDIO,audio_score > 0.60 sustained over 60s window
SFLAG133,STRIP212,SDRV083,2024-02-06 19:35:00,900.0,harsh_braking,medium,0.94,0.27,0.6,Synthetic event: harsh_braking detected.,Motion: harsh_brake | Audio: loud,ACCELEROMETER,motion_score > 0.75 (severe braking magnitude)
SFLAG134,STRIP212,SDRV083,2024-02-06 19:47:49,1669.0,moderate_brake,low,0.96,0.86,0.91,Synthetic event: moderate_brake detected.,Motion: moderate | Audio: normal,ACCELEROMETER,motion_score > 0.50 (moderate braking magnitude)
SFLAG135,STRIP127,SDRV053,2024-02-06 18:35:25,325.0,conflict_moment,medium,0.86,0.88,0.87,Synthetic event: conflict_moment detected.,Motion: other | Audio: loud,SENSOR_FUSION,combined_score > 0.40 (motion + audio spike within 30s window)
SFLAG136,STRIP127,SDRV053,2024-02-06 18:51:21,1282.0,moderate_brake,high,0.5,0.96,0.73,Synthetic event: moderate_brake detected.,Motion: moderate | Audio: very_loud,ACCELEROMETER,motion_score > 0.50 (moderate braking magnitude)
SFLAG137,STRIP147,SDRV136,2024-02-06 10:25:56,57.0,moderate_brake,medium,0.68,0.66,0.67,Synthetic event: moderate_brake detected.,Motion: moderate | Audio: loud,ACCELEROMETER,motion_score > 0.50 (moderate braking magnitude)
SFLAG138,STRIP147,SDRV136,2024-02-06 10:27:50,171.0,sustained_stress,medium,0.75,0.21,0.48,Synthetic event: sustained_stress detected.,Motion: other | Audio: loud,AUDIO,audio_score > 0.60 sustained over 60s window
SFLAG139,STRIP211,SDRV083,2024-02-06 14:41:36,96.0,sustained_stress,low,0.4,0.21,0.3,Synthetic event: sustained_stress detected.,Motion: other | Audio: normal,AUDIO,audio_score > 0.60 sustained over 60s window
SFLAG140,STRIP211,SDRV083,2024-02-06 15:14:34,2074.0,audio_spike,medium,0.7,0.95,0.82,Synthetic event: audio_spike detected.,Motion: other | Audio: loud,AUDIO,audio_score > 0.65 (instantaneous cabin noise spike)
SFLAG141,STRIP049,SDRV181,2024-02-06 16:53:19,799.0,sustained_stress,low,0.31,0.63,0.47,Synthetic event: sustained_stress detected.,Motion: other | Audio: normal,AUDIO,audio_score > 0.60 sustained over 60s window
SFLAG142,STRIP049,SDRV181,2024-02-06 16:56:27,987.0,conflict_moment,low,0.62,0.6,0.61,Synthetic event: conflict_moment detected.,Motion: other | Audio: normal,SENSOR_FUSION,combined_score > 0.40 (motion + audio spike within 30s window)
SFLAG143,STRIP056,SDRV166,2024-02-06 11:37:09,130.0,moderate_brake,high,0.65,0.81,0.73,Synthetic event: moderate_brake detected.,Motion: moderate | Audio: very_loud,ACCELEROMETER,motion_score > 0.50 (moderate braking magnitude)
SFLAG144,STRIP056,SDRV166,2024-02-06 11:55:31,1232.0,sustained_stress,low,0.64,0.32,0.48,Synthetic event: sustained_stress detected.,Motion: other | Audio: normal,AUDIO,audio_score > 0.60 sustained over 60s window
SFLAG145,STRIP181,SDRV191,2024-02-06 22:53:47,228.0,moderate_brake,medium,0.91,0.69,0.8,Synthetic event: moderate_brake detected.,Motion: moderate | Audio: loud,ACCELEROMETER,motion_score > 0.50 (moderate braking magnitude)
SFLAG146,STRIP181,SDRV191,2024-02-06 23:04:15,856.0,conflict_moment,low,0.41,0.97,0.69,Synthetic event: conflict_moment detected.,Motion: other | Audio: normal,SENSOR_FUSION,combined_score > 0.40 (motion + audio spike within 30s window)
SFLAG147,STRIP088,SDRV001,2024-02-06 14:41:58,118.0,audio_spike,high,0.74,0.4,0.57,Synthetic event: audio_spike detected.,Motion: other | Audio: very_loud,AUDIO,audio_score > 0.65 (instantaneous cabin noise spike)
SFLAG148,STRIP088,SDRV001,2024-02-06 14:53:59,840.0,sustained_stress,low,0.86,0.85,0.85,Synthetic event: sustained_stress detected.,Motion: other | Audio: normal,AUDIO,audio_score > 0.60 sustained over 60s window
SFLAG149,STRIP075,SDRV149,2024-02-06 14:05:03,903.0,harsh_braking,high,0.62,0.8,0.71,Synthetic event: harsh_braking detected.,Motion: harsh_brake | Audio: very_loud,ACCELEROMETER,motion_score > 0.75 (severe braking magnitude)
SFLAG150,STRIP075,SDRV149,2024-02-06 14:19:22,1762.0,harsh_braking,medium,0.39,0.64,0.52,Synthetic event: harsh_braking detected.,Motion: harsh_brake | Audio: loud,ACCELEROMETER,motion_score > 0.75 (severe braking magnitude)
SFLAG151,STRIP160,SDRV073,2024-02-06 10:03:13,193.0,conflict_moment,low,0.59,0.88,0.73,Synthetic event: conflict_moment detected.,Motion: other | Audio: normal,SENSOR_FUSION,combined_score > 0.40 (motion + audio spike within 30s window)
SFLAG152,STRIP160,SDRV073,2024-02-06 10:19:39,1180.0,harsh_braking,high,0.9,0.28,0.59,Synthetic event: harsh_braking detected.,Motion: harsh_brake | Audio: very_loud,ACCELEROMETER,motion_score > 0.75 (severe braking magnitude)
SFLAG153,STRIP107,SDRV174,2024-02-06 08:02:05,125.0,sustained_stress,high,0.91,0.3,0.6,Synthetic event: sustained_stress detected.,Motion: other | Audio: very_loud,AUDIO,audio_score > 0.60 sustained over 60s window
SFLAG154,STRIP107,SDRV174,2024-02-06 08:06:02,363.0,moderate_brake,medium,0.8,0.28,0.54,Synthetic event: moderate_brake detected.,Motion: moderate | Audio: loud,ACCELEROMETER,motion_score > 0.50 (moderate braking magnitude)
SFLAG155,STRIP196,SDRV084,2024-02-06 08:37:07,427.0,moderate_brake,high,0.85,0.39,0.62,Synthetic event: moderate_brake detected.,Motion: moderate | Audio: very_loud,ACCELEROMETER,motion_score > 0.50 (moderate braking magnitude)
SFLAG156,STRIP196,SDRV084,2024-02-06 08:42:27,748.0,audio_spike,high,0.75,0.39,0.57,Synthetic event: audio_spike detected.,Motion: other | Audio: very_loud,AUDIO,audio_score > 0.65 (instantaneous cabin noise spike)
SFLAG157,STRIP155,SDRV023,2024-02-06 20:00:41,1242.0,harsh_braking,medium,0.39,0.89,0.64,Synthetic event: harsh_braking detected.,Motion: harsh_brake | Audio: loud,ACCELEROMETER,motion_score > 0.75 (severe braking magnitude)
SFLAG158,STRIP155,SDRV023,2024-02-06 20:05:20,1520.0,conflict_moment,low,0.72,0.3,0.51,Synthetic event: conflict_moment detected.,Motion: other | Audio: normal,SENSOR_FUSION,combined_score > 0.40 (motion + audio spike within 30s window)
SFLAG159,STRIP080,SDRV049,2024-02-06 22:56:06,367.0,moderate_brake,high,0.79,0.81,0.8,Synthetic event: moderate_brake detected.,Motion: moderate | Audio: very_loud,ACCELEROMETER,motion_score > 0.50 (moderate braking magnitude)
SFLAG160,STRIP080,SDRV049,2024-02-06 23:06:14,975.0,conflict_moment,medium,0.37,0.6,0.48,Synthetic event: conflict_moment detected.,Motion: other | Audio: loud,SENSOR_FUSION,combined_score > 0.40 (motion + audio spike within 30s window)
SFLAG161,STRIP038,SDRV028,2024-02-06 21:40:28,929.0,moderate_brake,medium,0.66,0.96,0.81,Synthetic event: moderate_brake detected.,Motion: moderate | Audio: loud,ACCELEROMETER,motion_score > 0.50 (moderate braking magnitude)
SFLAG162,STRIP038,SDRV028,2024-02-06 21:42:47,1067.0,conflict_moment,low,0.67,0.52,0.59,Synthetic event: conflict_moment detected.,Motion: other | Audio: normal,SENSOR_FUSION,combined_score > 0.40 (motion + audio spike within 30s window)
SFLAG163,STRIP032,SDRV086,2024-02-06 19:18:12,793.0,harsh_braking,low,0.64,0.88,0.76,Synthetic event: harsh_braking detected.,Motion: harsh_brake | Audio: normal,ACCELEROMETER,motion_score > 0.75 (severe braking magnitude)
SFLAG164,STRIP032,SDRV086,2024-02-06 19:18:48,828.0,harsh_braking,medium,0.88,0.52,0.7,Synthetic event: harsh_braking detected.,Motion: harsh_brake | Audio: loud,ACCELEROMETER,motion_score > 0.75 (severe braking magnitude)
SFLAG165,STRIP032,SDRV086,2024-02-06 19:28:44,1425.0,harsh_braking,medium,0.53,0.59,0.56,Synthetic event: harsh_braking detected.,Motion: harsh_brake | Audio: loud,ACCELEROMETER,motion_score > 0.75 (severe braking magnitude)
SFLAG166,STRIP092,SDRV198,2024-02-06 21:34:17,257.0,conflict_moment,low,0.64,0.47,0.55,Synthetic event: conflict_moment detected.,Motion: other | Audio: normal,SENSOR_FUSION,combined_score > 0.40 (motion + audio spike within 30s window)
SFLAG167,STRIP092,SDRV198,2024-02-06 21:40:18,619.0,sustained_stress,medium,0.37,0.39,0.38,Synthetic event: sustained_stress detected.,Motion: other | Audio: loud,AUDIO,audio_score > 0.60 sustained over 60s window
SFLAG168,STRIP092,SDRV198,2024-02-06 21:44:17,857.0,moderate_brake,medium,0.96,0.44,0.7,Synthetic event: moderate_brake detected.,Motion: moderate | Audio: loud,ACCELEROMETER,motion_score > 0.50 (moderate braking magnitude)
SFLAG169,STRIP125,SDRV126,2024-02-06 06:58:02,182.0,moderate_brake,medium,0.32,0.46,0.39,Synthetic event: moderate_brake detected.,Motion: moderate | Audio: loud,ACCELEROMETER,motion_score > 0.50 (moderate braking magnitude)
SFLAG170,STRIP125,SDRV126,2024-02-06 07:00:31,332.0,harsh_braking,low,0.68,0.64,0.66,Synthetic event: harsh_braking detected.,Motion: harsh_brake | Audio: normal,ACCELEROMETER,motion_score > 0.75 (severe braking magnitude)
SFLAG171,STRIP125,SDRV126,2024-02-06 07:03:17,498.0,sustained_stress,medium,0.55,0.56,0.56,Synthetic event: sustained_stress detected.,Motion: other | Audio: loud,AUDIO,audio_score > 0.60 sustained over 60s window
SFLAG172,STRIP187,SDRV075,2024-02-06 12:51:58,418.0,conflict_moment,low,0.47,0.57,0.52,Synthetic event: conflict_moment detected.,Motion: other | Audio: normal,SENSOR_FUSION,combined_score > 0.40 (motion + audio spike within 30s window)
SFLAG173,STRIP187,SDRV075,2024-02-06 12:55:11,611.0,harsh_braking,low,0.83,0.36,0.59,Synthetic event: harsh_braking detected.,Motion: harsh_brake | Audio: normal,ACCELEROMETER,motion_score > 0.75 (severe braking magnitude)
SFLAG174,STRIP187,SDRV075,2024-02-06 13:11:04,1564.0,conflict_moment,medium,0.8,0.22,0.51,Synthetic event: conflict_moment detected.,Motion: other | Audio: loud,SENSOR_FUSION,combined_score > 0.40 (motion + audio spike within 30s window)
SFLAG175,STRIP114,SDRV016,2024-02-06 12:07:06,427.0,sustained_stress,high,0.69,0.36,0.52,Synthetic event: sustained_stress detected.,Motion: other | Audio: very_loud,AUDIO,audio_score > 0.60 sustained over 60s window
SFLAG176,STRIP114,SDRV016,2024-02-06 12:08:47,528.0,moderate_brake,high,0.82,0.24,0.53,Synthetic event: moderate_brake detected.,Motion: moderate | Audio: very_loud,ACCELEROMETER,motion_score > 0.50 (moderate braking magnitude)
SFLAG177,STRIP114,SDRV016,2024-02-06 12:16:17,978.0,sustained_stress,low,0.9,0.36,0.63,Synthetic event: sustained_stress detected.,Motion: other | Audio: normal,AUDIO,audio_score > 0.60 sustained over 60s window
SFLAG178,STRIP141,SDRV025,2024-02-06 13:15:55,656.0,harsh_braking,medium,0.52,0.92,0.72,Synthetic event: harsh_braking detected.,Motion: harsh_brake | Audio: loud,ACCELEROMETER,motion_score > 0.75 (severe braking magnitude)
SFLAG179,STRIP141,SDRV025,2024-02-06 13:27:24,1344.0,conflict_moment,low,0.39,0.34,0.36,Synthetic event: conflict_moment detected.,Motion: other | Audio: normal,SENSOR_FUSION,combined_score > 0.40 (motion + audio spike within 30s window)
SFLAG180,STRIP141,SDRV025,2024-02-06 13:32:06,1626.0,conflict_moment,low,0.65,0.27,0.46,Synthetic event: conflict_moment detected.,Motion: other | Audio: normal,SENSOR_FUSION,combined_score > 0.40 (motion + audio spike within 30s window)
SFLAG181,STRIP113,SDRV016,2024-02-06 18:54:06,247.0,moderate_brake,medium,0.56,0.94,0.75,Synthetic event: moderate_brake detected.,Motion: moderate | Audio: loud,ACCELEROMETER,motion_score > 0.50 (moderate braking magnitude)
SFLAG182,STRIP113,SDRV016,2024-02-06 19:09:49,1189.0,harsh_braking,low,0.68,0.42,0.55,Synthetic event: harsh_braking detected.,Motion: harsh_brake | Audio: normal,ACCELEROMETER,motion_score > 0.75 (severe braking magnitude)
SFLAG183,STRIP113,SDRV016,2024-02-06 19:10:30,1230.0,conflict_moment,high,0.79,0.73,0.76,Synthetic event: conflict_moment detected.,Motion: other | Audio: very_loud,SENSOR_FUSION,combined_score > 0.40 (motion + audio spike within 30s window)
SFLAG184,STRIP115,SDRV093,2024-02-06 19:27:09,429.0,moderate_brake,medium,0.34,0.29,0.32,Synthetic event: moderate_brake detected.,Motion: moderate | Audio: loud,ACCELEROMETER,motion_score > 0.50 (moderate braking magnitude)
SFLAG185,STRIP115,SDRV093,2024-02-06 19:38:08,1089.0,sustained_stress,high,0.3,1.0,0.65,Synthetic event: sustained_stress detected.,Motion: other | Audio: very_loud,AUDIO,audio_score > 0.60 sustained over 60s window
SFLAG186,STRIP115,SDRV093,2024-02-06 19:46:42,1602.0,sustained_stress,medium,0.86,0.83,0.84,Synthetic event: sustained_stress detected.,Motion: other | Audio: loud,AUDIO,audio_score > 0.60 sustained over 60s window
SFLAG187,STRIP193,SDRV078,2024-02-06 16:34:50,290.0,harsh_braking,low,0.5,0.5,0.5,Synthetic event: harsh_braking detected.,Motion: harsh_brake | Audio: normal,ACCELEROMETER,motion_score > 0.75 (severe braking magnitude)
SFLAG188,STRIP193,SDRV078,2024-02-06 16:39:36,576.0,sustained_stress,high,0.83,0.63,0.73,Synthetic event: sustained_stress detected.,Motion: other | Audio: very_loud,AUDIO,audio_score > 0.60 sustained over 60s window
SFLAG189,STRIP193,SDRV078,2024-02-06 16:46:18,979.0,moderate_brake,high,0.35,0.21,0.28,Synthetic event: moderate_brake detected.,Motion: moderate | Audio: very_loud,ACCELEROMETER,motion_score > 0.50 (moderate braking magnitude)
SFLAG190,STRIP197,SDRV084,2024-02-06 22:38:47,227.0,audio_spike,medium,0.75,0.84,0.79,Synthetic event: audio_spike detected.,Motion: other | Audio: loud,AUDIO,audio_score > 0.65 (instantaneous cabin noise spike)
SFLAG191,STRIP197,SDRV084,2024-02-06 22:50:11,911.0,harsh_braking,high,0.63,0.49,0.56,Synthetic event: harsh_braking detected.,Motion: harsh_brake | Audio: very_loud,ACCELEROMETER,motion_score > 0.75 (severe braking magnitude)
SFLAG192,STRIP197,SDRV084,2024-02-06 23:09:31,2072.0,audio_spike,low,0.38,0.9,0.64,Synthetic event: audio_spike detected.,Motion: other | Audio: normal,AUDIO,audio_score > 0.65 (instantaneous cabin noise spike)
SFLAG193,STRIP041,SDRV121,2024-02-06 16:34:22,262.0,conflict_moment,low,0.64,0.7,0.67,Synthetic event: conflict_moment detected.,Motion: other | Audio: normal,SENSOR_FUSION,combined_score > 0.40 (motion + audio spike within 30s window)
SFLAG194,STRIP041,SDRV121,2024-02-06 16:43:19,799.0,conflict_moment,medium,0.96,0.66,0.81,Synthetic event: conflict_moment detected.,Motion: other | Audio: loud,SENSOR_FUSION,combined_score > 0.40 (motion + audio spike within 30s window)
SFLAG195,STRIP041,SDRV121,2024-02-06 16:50:21,1222.0,audio_spike,low,0.68,0.24,0.46,Synthetic event: audio_spike detected.,Motion: other | Audio: normal,AUDIO,audio_score > 0.65 (instantaneous cabin noise spike)
SFLAG196,STRIP047,SDRV059,2024-02-06 21:10:52,53.0,sustained_stress,high,0.82,0.78,0.8,Synthetic event: sustained_stress detected.,Motion: other | Audio: very_loud,AUDIO,audio_score > 0.60 sustained over 60s window
SFLAG197,STRIP047,SDRV059,2024-02-06 21:11:41,102.0,conflict_moment,medium,0.4,0.87,0.64,Synthetic event: conflict_moment detected.,Motion: other | Audio: loud,SENSOR_FUSION,combined_score > 0.40 (motion + audio spike within 30s window)
SFLAG198,STRIP047,SDRV059,2024-02-06 21:15:03,304.0,conflict_moment,medium,0.41,0.44,0.42,Synthetic event: conflict_moment detected.,Motion: other | Audio: loud,SENSOR_FUSION,combined_score > 0.40 (motion + audio spike within 30s window)
SFLAG199,STRIP130,SDRV184,2024-02-06 11:26:43,403.0,harsh_braking,high,0.99,0.24,0.61,Synthetic event: harsh_braking detected.,Motion: harsh_brake | Audio: very_loud,ACCELEROMETER,motion_score > 0.75 (severe braking magnitude)
SFLAG200,STRIP130,SDRV184,2024-02-06 11:26:52,413.0,harsh_braking,low,0.4,0.24,0.32,Synthetic event: harsh_braking detected.,Motion: harsh_brake | Audio: normal,ACCELEROMETER,motion_score > 0.75 (severe braking magnitude)
SFLAG201,STRIP130,SDRV184,2024-02-06 11:30:03,603.0,harsh_braking,low,0.74,0.24,0.49,Synthetic event: harsh_braking detected.,Motion: harsh_brake | Audio: normal,ACCELEROMETER,motion_score > 0.75 (severe braking magnitude)
SFLAG202,STRIP130,SDRV184,2024-02-06 11:31:00,660.0,harsh_braking,medium,0.89,0.61,0.75,Synthetic event: harsh_braking detected.,Motion: harsh_brake | Audio: loud,ACCELEROMETER,motion_score > 0.75 (severe braking magnitude)
SFLAG203,STRIP130,SDRV184,2024-02-06 11:33:12,792.0,moderate_brake,medium,0.67,0.65,0.66,Synthetic event: moderate_brake detected.,Motion: moderate | Audio: loud,ACCELEROMETER,motion_score > 0.50 (moderate braking magnitude)
SFLAG204,STRIP153,SDRV096,2024-02-06 17:36:19,379.0,audio_spike,medium,0.38,0.98,0.68,Synthetic event: audio_spike detected.,Motion: other | Audio: loud,AUDIO,audio_score > 0.65 (instantaneous cabin noise spike)
SFLAG205,STRIP153,SDRV096,2024-02-06 17:37:18,439.0,moderate_brake,high,0.32,0.84,0.58,Synthetic event: moderate_brake detected.,Motion: moderate | Audio: very_loud,ACCELEROMETER,motion_score > 0.50 (moderate braking magnitude)
SFLAG206,STRIP153,SDRV096,2024-02-06 17:37:46,466.0,conflict_moment,medium,0.85,0.44,0.65,Synthetic event: conflict_moment detected.,Motion: other | Audio: loud,SENSOR_FUSION,combined_score > 0.40 (motion + audio spike within 30s window)
SFLAG207,STRIP153,SDRV096,2024-02-06 17:41:47,708.0,moderate_brake,low,0.39,0.32,0.35,Synthetic event: moderate_brake detected.,Motion: moderate | Audio: normal,ACCELEROMETER,motion_score > 0.50 (moderate braking magnitude)
SFLAG208,STRIP153,SDRV096,2024-02-06 17:51:57,1318.0,harsh_braking,medium,0.79,0.71,0.75,Synthetic event: harsh_braking detected.,Motion: harsh_brake | Audio: loud,ACCELEROMETER,motion_score > 0.75 (severe braking magnitude)
